{  
  "RequestType":"PSDScreeningRequest",
  "Request":{  
    "RECOMMEND":"FALSE",
    "Patient":{  
      "CLINICIAN_BSA":"1.864",
      "CLINICIAN_LBM":"51.444",
      "CLINICIAN_IBW":"61.437",
      "CLINICIAN_ADBW":"50.3",
      "BD_MONTH":"01",
      "BD_DAY":"01",
      "BD_YEAR":"1997",      
      "SCR":"1.2",
      "GENDER":"FEMALE",
      "HEIGHT":"170",
      "HEPATIC_STATUS_ID":"20",
      "WEIGHT":"75"
    },
    "RequestScreeningRxList":{  
      "RequestScreeningRx":[  
        {  
          "PSDDrug":{  
            "ID":"00029-3211-13",
            "TYPE":"NDC"
           },
          "RxDoseKey":{  
            "DOSE_TYPE_ID":"105",
            "INDICATION_ID":"104",
            "INDICATION_ID_TYPE":"TH",
            "ROUTE_ID":"103",
            "ROUTE_ID_TYPE":"HL7"
          },
          "RequestScreeningParms":{  
            "DOSE":"50",
            "DOSE_INTERVAL":"12",
            "DOSE_UNIT":"MG",
            "NCPDP_FLAG":"FALSE",
            "PERIOD":"12",
            "PERIOD_INTERVAL_UNIT":"HR",
            "PRN":"FALSE",
            "THERAPY_DURATION":"5",
            "THERAPY_DURATION_UNIT":"DAY",
            "INFUSION_DURATION_UNIT ":"DAY",
            "INFUSION_DURATION ":"5",
            "CONTINUOUS_INFUSION_DOSE_RATE_UNIT ":"MONTH"
          }
        }

      ]
    },
    "DosingFilters":{  
      "INDICATION_NOT_SPECIFIED":"NORESTRICTION",
      "NO_INDICATION_MATCH":"IGNOREIND",
      "NO_CLINICAL_ROUTE_MATCH":"DONOTDOSE",
      "NORMAL_RESULTS_NO_RENAL_HEPATIC":"FALSE",
      "RETURN_DOSE_KEYS":"TRUE"
    }
  }
}