{  
  "RequestType":"PSDScreeningRequest",
  "Request":{  
    "RECOMMEND":"TRUE",
    "Patient":{  
      "BIRTH_DATE":"01/01/1997",
      "SCR":"1.2",
      "GENDER":"FEMALE",
      "HEIGHT":"170",
      "HEPATIC_STATUS_ID":"20",
      "WEIGHT":"75"
    },
    "RequestScreeningRxList":{  
      "RequestScreeningRx":[  
        {  
          "PSDDrug":{  
            "ID":"00029-3211-13",
            "TYPE":"NDC",
            "ORDER_ID":"1"
          },
          "RequestScreeningParms":{  
            "DOSE":"50",
            "DOSE_INTERVAL":"12",
            "DOSE_UNIT":"MG",
            "NCPDP_FLAG":"FALSE",
            "PERIOD":"12",
            "PERIOD_INTERVAL_UNIT":"HR",
            "PRN":"FALSE",
            "THERAPY_DURATION":"5",
            "THERAPY_DURATION_UNIT":"DAY",
            "INFUSION_DURATION_UNIT ":"DAY",
            "INFUSION_DURATION ":"5",
            "CONTINUOUS_INFUSION_DOSE_RATE_UNIT ":"MONTH"

          }
        }

      ]
    }

  }
}