{
"RequestType":"PSDScreeningRequest",
"Request":
{
"RECOMMEND": "FALSE",
"Patient": {
"BIRTH_DATE": "03/05/1989",
"SCR": "1.2",
"GENDER": "FEMALE",
"HEIGHT": "170",
"HEPATIC_STATUS_ID": "20",
"WEIGHT": "85"
},
"RequestScreeningRxList": {
"SIZE": "1",
"RequestScreeningRx": [
{
"PSDDrug": {
"ID": "00029-3211-13",
"TYPE": "NDC"
},
"RxDoseKey": {
"DOSE_TYPE_ID": "105",
"INDICATION_ID": "104",
"INDICATION_ID_TYPE": "TH",
"ROUTE_ID": "103",
"ROUTE_ID_TYPE": "HL7"
},
"RequestScreeningParms": {
"DOSE": "50",
"DOSE_INTERVAL": "12",
"DOSE_UNIT": "MG",
"NCPDP_FLAG": "FALSE",
"PERIOD": "12",
"PERIOD_INTERVAL_UNIT": "HR",
"PRN": "FALSE",
"THERAPY_DURATION": "5",
"THERAPY_DURATION_UNIT": "DAY"
}
}
]
},
"DosingFilters": {
"INDICATION_NOT_SPECIFIED": "NORESTRICTION",
"NO_INDICATION_MATCH": "IGNOREIND",
"NO_CLINICAL_ROUTE_MATCH": "DONOTDOSE",
"NORMAL_RESULTS_NO_RENAL_HEPATIC": "FALSE",
"RETURN_DOSE_KEYS": "TRUE"
}
}
}