{
  "RequestType": "LUSRequest",
  "Request": {
    "LookUpType": "PSDCOMBODOSEKEY",
    "SearchParameterList": {
    "OPERATOR": "AND",
      "SearchParameters": [
        {
          "NAME": "gcr_name",
          "VALUE": "Amoxicillin/Clavulanate Potassium"
        },
		{
          "NAME": "age_lower",
          "VALUE": "18"
        },
		{
          "NAME": "dose_type_name",
          "VALUE": "maintenance"
        },
		{
          "NAME": "indication_id",
          "VALUE": "1227"
        }
      ]
    }
  }
}
