{
  "RequestType": "LUSRequest",
  "Request": {
    "LookUpType": "PSDSINGLEDOSEKEY",
    "SearchParameterList": {
     "OPERATOR": "AND",
      "SearchParameters": [
        {
          "NAME": "gcr_name",
          "VALUE": "Vancomycin Hydrochloride"
        },
        {
          "NAME": "age_upper",
          "VALUE": "17"
        },
        {
          "NAME": "age_upper_unit_code",
          "VALUE": "Yr"
        },
        {
          "NAME": "Product_route_code",
          "VALUE": "PO"
        }
      ]
    }
  }
}
