<?xml version="1.0" encoding="UTF-8"?>
<!DOCTYPE ApplicationNavigationData SYSTEM "/Web-inf/conf/AND.dtd">
<ApplicationDDAN placeholderReplacement="ckoqat" componentDDANFiles="PFAND.xml,autuAND.xml">
<ApplicationNavigationData prefix="ckoqat">

<!-- AUTHORIZATION DATA -->

   <AuthorizationData name = "ckoqat.AD">
      <Product id="57" name="PDR"/>
   </AuthorizationData>
   
<!-- end AUTHORIZATION DATA -->


<!-- NAVIGATION DATA -->

   <NavigationData clear="true" name="ckoqat.ND">
      <NavigationValue key="AppTop" value="ckoqat"/>
      <NavigationValue key="AppBottom" value="ckoqat"/>
      <NavigationValue key="AppProducts" value="ckoqat"/>
      <NavigationValue key="PageFunctions" value="ckoqat"/>
      <NavigationValue key="CurrentAppProduct" value="ckoqat"/>
      <NavigationValue key="CurrentProductFunction" value="ckoqat"/>
   </NavigationData>

<!-- end NAVIGATION DATA -->


<!-- PAGE NAVIGATION ITEMS -->

   <PageNavigationItem name="ckoqat.Help"
                       template="Help.vm"
                       isSecure="false"
                       allowBookmark="true"
                       layout="/NewWindow.vm">
      <BreadCrumbControl ignore="true"/>
   </PageNavigationItem>

   <PageNavigationItem name="ckoqat.HelpTOC"
                       template="HelpTOC.vm"
                       isSecure="false"
                       allowBookmark="true"
                       layout="/NewWindow.vm">
      <BreadCrumbControl ignore="true"/>
   </PageNavigationItem>
   
   <PageNavigationItem name="ckoqat.Home"                       
                       template="Example.vm"
                       title="ckoqat; System : Home Page"
                       allowBookmark="true"
                       help="ExampleHelp.vm"
                       layout="/clf2/PageFunctionsBreadCrumbs.vm">
      <ReferenceToNavigationData reference="ckoqat.ND"/>
      <ApplicationDataControl clear="true"/>
      <BreadCrumbControl clear="true" start="true"/>
      <BreadCrumbDisplay name="Home" displayText="bcHome"/>
      <ReferenceToAuthorizationData reference = "ckoqat.AD"/>
   </PageNavigationItem>

   <PageNavigationItem name="ckoqat.Start"
                       template="Example.vm"
                       title="ckoqat; System : Home Page"
                       allowBookmark="true"
                       help="ExampleHelp.vm"
                       layout="/clf2/PageFunctionsBreadCrumbs.vm">
      <ReferenceToNavigationData reference="ckoqat.ND"/>
      <ApplicationDataControl clear="true"/>
      <BreadCrumbControl clear="true" start="true"/>
      <BreadCrumbDisplay name="Home" displayText="bcHome"/>
      <ReferenceToAuthorizationData reference = "ckoqat.AD"/>
   </PageNavigationItem>

<!-- end PAGE NAVIGATION ITEMS -->


<!-- ACTION NAVIGATION ITEMS -->

   <ActionNavigationItem name="ckoqat.Help"
                         actionClass="help.Help"
                         actionMethod="doHelp"
                         isSecure="false"
                         commandSync="false"
                         usageType="HELP">
      <LocalActionResult name="success">
         <ReferenceToPageNavigationItem reference="ckoqat.Help"/>
      </LocalActionResult>
   </ActionNavigationItem>

<!-- end ACTION NAVIGATION ITEMS -->







</ApplicationNavigationData>
</ApplicationDDAN>

