<?xml version="1.0" encoding="UTF-8"?>
<!DOCTYPE ApplicationNavigationData SYSTEM "/Web-inf/conf/AND.dtd">
<ComponentDDAN>
<ApplicationNavigationData prefix="autu">

    <!-- get the usage tracking information for the current session's guid -->
   
    <PageNavigationItem name="autu.guidInfo"
                       screen="XSLDefaultScreen"
                       template="/qatools/GuidInfo.xsl"
                       title="QATool System"
                       allowBookmark="false"
                       layout="/qatools/QATool.vm">
      <ApplicationDataControl clear="false"/>
      <BreadCrumbControl ignore="true"/>
   </PageNavigationItem>
   
    <ActionNavigationItem name="autu.guidInfo" 
        actionClass="qatool.QATool"
        actionMethod="getGUIDInfo" 
        isSecure="false"
        commandSync="false" 
        allowBookmark="true"
        usageType="PREADY">
        <LocalActionResult name="Success">
          <ReferenceToPageNavigationItem reference="autu.guidInfo"/>
        </LocalActionResult>      
    </ActionNavigationItem>
    
    <PageNavigationItem name="autu.filterDisplay"
                       screen="XSLDefaultScreen"
                       template="/qatools/GuidInfo.xsl"
                       title="QATool System"
                       allowBookmark="false"
                       layout="/qatools/QATool.vm">
      <ApplicationDataControl clear="false"/>
      <BreadCrumbControl ignore="true"/>
   </PageNavigationItem>
        
    <ActionNavigationItem name="autu.filterDisplay" 
        actionClass="qatool.QATool"
        actionMethod="filterDisplay" 
        isSecure="false"
        commandSync="false" 
        allowBookmark="true"
        usageType="PREADY">
        <LocalActionResult name="Success">
          <ReferenceToPageNavigationItem reference="autu.filterDisplay"/>
        </LocalActionResult>      
    </ActionNavigationItem>
    
    <!-- get the usage tracking information for the current session's guid -->
    <PageNavigationItem name="autu.utValidation"
       screen="XSLDefaultScreen"
       template="/qatools/UTValidation.xsl"
       allowBookmark="false"
       layout="/qatools/utValidation.vm">
       <BreadCrumbControl ignore="true"/>
    </PageNavigationItem> 
    
    <ActionNavigationItem name="autu.utValidation" 
        actionClass="qatool.QATool"
        actionMethod="getUTRecordsForValidation" 
        isSecure="false"
        commandSync="false" 
        usageType="SEARCH"
        allowBookmark="true">
        <LocalActionResult name="Success">
          <ReferenceToPageNavigationItem reference="autu.utValidation"/>
        </LocalActionResult>      
    </ActionNavigationItem>


    <ActionNavigationItem name="autu.trackSearch" 
      actionClass="UsageTrackAction"
      actionMethod="doTrackSearch" 
      isSecure="false"
      commandSync="false">
      <LocalActionResult name="Success">
        <ReferenceToPageNavigationItem reference="pf.NoScreen"/>
      </LocalActionResult> 
    </ActionNavigationItem>

    <ActionNavigationItem name="autu.trackDocRetrieval" 
      actionClass="UsageTrackAction"
      actionMethod="doTrackDocRetrieval" 
      isSecure="false"
      commandSync="false">
      <LocalActionResult name="Success">
        <ReferenceToPageNavigationItem reference="pf.NoScreen"/>
      </LocalActionResult> 
    </ActionNavigationItem>

</ApplicationNavigationData>
</ComponentDDAN>
