<?xml version="1.0" encoding="UTF-8"?>
<!DOCTYPE ApplicationNavigationData SYSTEM "/Web-inf/conf/AND.dtd">
<ComponentDDAN>
<ApplicationNavigationData prefix="pf">

<!-- AUTHORIZATION DATA -->

   <AuthorizationData name = "pf.PSH">
      <Product id="57" name="PDR"/>
      <Product id="58" name="STEDMANS"/>
      <Product id="59" name="HERBALS"/>
   </AuthorizationData>
   
<!-- end AUTHORIZATION DATA -->


<!-- NAVIGATION DATA -->

   <NavigationData name="pf.AboutUs">
      <NavigationValue key="CurrentProductFunction" value="AboutUs"/>
   </NavigationData>

   <NavigationData name="pf.BreadCrumb">
     <NavigationValue key="PageFunctions" value="BreadCrumb"/>
   </NavigationData>

   <NavigationData name="pf.ContactUs">
      <NavigationValue key="CurrentProductFunction" value="ContextUs"/>
   </NavigationData>

   <NavigationData name="pf.DocumentBreadCrumb">
      <NavigationValue key="PageFunctions" value="DocBreadCrumbPRDocSecPR"/>
   </NavigationData>

   <NavigationData name="pf.Help">
      <NavigationValue key="CurrentProductFunction" value="Help"/>
   </NavigationData>

   <NavigationData name="pf.Login">
      <NavigationValue key="CurrentProductFunction" value="Login"/>
   </NavigationData>

   <NavigationData name="pf.SearchBreadCrumb">
     <NavigationValue key="PageFunctions" value="SearchBreadCrumbPrintReady"/>
   </NavigationData>

<!-- end NAVIGATION DATA -->


<!-- PAGE NAVIGATION ITEMS -->

   <PageNavigationItem name="pf.AboutUs" 
                       template="AboutUs.vm" 
                       layout="/NewWindow.vm" 
                       isSecure="false" 
                       allowBookmark="true">
      <ReferenceToNavigationData reference="pf.AboutUs"/>
      <BreadCrumbControl ignore="true"/>
   </PageNavigationItem>

   <PageNavigationItem name="pf.ContactUs" 
                       template="ContactUs.vm" 
                       layout="/NewWindow.vm" 
                       isSecure="false" 
                       allowBookmark="true">
      <ReferenceToNavigationData reference="pf.ContactUs"/>
      <BreadCrumbControl ignore="true" />
   </PageNavigationItem>

   <PageNavigationItem name="pf.Document" 
                       screen="document.Document" 
                       template="Document.vm" 
                       help="DocumentHelp">
      <ReferenceToNavigationData reference="pf.DocumentBreadCrumb"/>
   </PageNavigationItem>

   <PageNavigationItem name="pf.DocumentSectionPrintReady"
                       screen="document.Document"
                       template="DocSectionPrintReady.vm"
                       layout="/PFLayout.vm"
                       help="DocumentHelp">
      <ReferenceToNavigationData reference="pf.BreadCrumb"/>
      <BreadCrumbDisplay name="DocumentSectionPrintReady" displayText="bcDocSectionPrintReady"/>
   </PageNavigationItem>

   <PageNavigationItem name="pf.ErrorPage"
                       template="PFMessages.vm"
                       layout="/Thomson.vm"
                       isSecure="false">
     <BreadCrumbControl ignore="true"/>
   </PageNavigationItem>

   <PageNavigationItem name="pf.ExceptionResult"
                       template="PFMessages.vm"
                       screen="PFErrorPageScreen"
                       layout="/Thomson.vm"
                       isSecure="false">
     <BreadCrumbControl ignore="true"/>
   </PageNavigationItem>

   <PageNavigationItem name="pf.Help"
                       template="Help.vm"
                       isSecure="false"
                       allowBookmark="true"
                       layout="/NewWindow.vm">
      <ReferenceToNavigationData reference="pf.Help"/>
      <BreadCrumbControl ignore="true"/>
   </PageNavigationItem>

   <PageNavigationItem name="pf.Login"
                       template="Login.vm"
                       screen="login.Login"
                       layout="/Login.vm"
                       isSecure="false"
                       allowBookmark="true">
      <ReferenceToNavigationData reference="pf.Login"/>
      <BreadCrumbControl stop="true" clear="true"/>
   </PageNavigationItem>

   <PageNavigationItem name="pf.LogOut"
                       template="PFMessages.vm"
                       screen="login.Logout"
                       layout="/Thomson.vm"
                       isSecure="false"
                       allowBookmark="true">
   </PageNavigationItem>

   <PageNavigationItem name="pf.NoScreen" 
                       screen="NO_SCREEN" 
                       template="NO_TEMPLATE" 
                       isSecure="false">
   </PageNavigationItem>

   <PageNavigationItem name="pf.PrintReadyDocument"
                       screen="document.Document"
                       template="PrintReadyDocument.vm"
                       help="DocumentHelp"
                       layout="/PrintReady.vm">
   </PageNavigationItem>

   <PageNavigationItem name="pf.PrintReadySearchResults"
                       screen="SearchResults"
                       template="PrintReadySearchResults.vm"
                       help="Keyword.htm"
                       layout="/PrintReady.vm">
   </PageNavigationItem>

   <PageNavigationItem name="pf.Privacy"
                       template="PrivacyPolicy.vm"
                       layout="/THCNewWindow.vm"
                       isSecure="false">
   </PageNavigationItem>

   <PageNavigationItem name="pf.Results"
                       screen="SearchResults"
                       template="SearchResults.vm"
                       help="Keyword.htm">
      <ReferenceToNavigationData reference="pf.SearchBreadCrumb"/>
   </PageNavigationItem>
   <!-- Converts objects in XMLSource to XML and returns as the response -->
   <PageNavigationItem name="pf.Result2XML"
                       title="Raw XML Convert"
                       screen="Result2XML"
                       isSecure="false">
     <BreadCrumbControl ignore="true"/>
   </PageNavigationItem>
   <!-- Page Nav for Healthcheck -->
   <PageNavigationItem name="pf.HealthCheck"
      screen="XSLDefaultScreen"
      template="/HealthCheck.xsl"
      allowBookmark="false"
      layout="/HealthCheck.vm">
      <BreadCrumbControl ignore="true"/>
   </PageNavigationItem>   

<!-- end PAGE NAVIGATION ITEMS -->


<!-- GLOBAL ACTION RESULTS -->

   <GlobalActionResult name="pf.AuthorizationFailed">
      <ReferenceToPageNavigationItem reference="pf.ErrorPage"/>
   </GlobalActionResult>

   <GlobalActionResult name="pf.DocumentDefClassNotFound">
      <ReferenceToPageNavigationItem reference="pf.ExceptionResult"/>
   </GlobalActionResult>

   <GlobalActionResult name="pf.DocumentReqBuilderClassNotFound">
      <ReferenceToPageNavigationItem reference="pf.ExceptionResult"/>
   </GlobalActionResult>

   <GlobalActionResult name="pf.DocumentRetrieverClassNotFound">
      <ReferenceToPageNavigationItem reference="pf.ExceptionResult"/>
   </GlobalActionResult>

   <GlobalActionResult name="pf.ExceptionResult">
      <ReferenceToPageNavigationItem reference="pf.ExceptionResult"/>
   </GlobalActionResult>

   <GlobalActionResult name="pf.ExpiredSearchBuilder">
      <ReferenceToPageNavigationItem reference="pf.ErrorPage"/>
   </GlobalActionResult>

   <GlobalActionResult name="pf.NoDocumentDefInRequest">
      <ReferenceToPageNavigationItem reference="pf.ExceptionResult"/>
   </GlobalActionResult>

   <GlobalActionResult name="pf.NoSearchDefInRequest">
      <ReferenceToPageNavigationItem reference="pf.ErrorPage"/>
   </GlobalActionResult>

   <GlobalActionResult name="pf.Login" reasonCodeId="OK" statusId="S">
      <ReferenceToPageNavigationItem reference="pf.Login"/>
   </GlobalActionResult>

   <GlobalActionResult name="pf.LoginFailed">
      <ReferenceToPageNavigationItem reference="pf.Login"/>
   </GlobalActionResult>

   <GlobalActionResult name="pf.PageNotFound">
      <ReferenceToPageNavigationItem reference="pf.ErrorPage"/>
   </GlobalActionResult>

   <GlobalActionResult name="pf.ScreenNotDefined">
      <ReferenceToPageNavigationItem reference="pf.ErrorPage"/>
   </GlobalActionResult>

   <GlobalActionResult name="pf.SearchBuilderClassNotFound">
      <ReferenceToPageNavigationItem reference="pf.ErrorPage"/>
   </GlobalActionResult>

   <GlobalActionResult name="pf.SearchDefClassNotFound">
      <ReferenceToPageNavigationItem reference="pf.ErrorPage"/>
   </GlobalActionResult>

   <GlobalActionResult name="pf.SessionExpired">
      <ReferenceToPageNavigationItem reference="PLACEHOLDER.Home"/>
   </GlobalActionResult>

   <GlobalActionResult name="pf.ShowHomePage" reasonCodeId="OK" statusId="S">
      <ReferenceToPageNavigationItem reference="PLACEHOLDER.Home"/>
   </GlobalActionResult>

   <GlobalActionResult name="pf.SystemUnavailable">
      <ReferenceToPageNavigationItem reference="pf.ErrorPage"/>
   </GlobalActionResult>

   <GlobalActionResult name="pf.UnexpectedCondition">
      <ReferenceToPageNavigationItem reference="pf.ErrorPage"/>
   </GlobalActionResult>

<!-- end GLOBAL ACTION RESULTS -->


<!-- ACTION NAVIGATION ITEMS -->


   <ActionNavigationItem name="pf.ContextHelp" 
                         actionClass="help.Help" 
                         actionMethod="doShowhelp" 
                         allowBookmark="true" 
                         isSecure="false">
      <LocalActionResult name="success">
         <ReferenceToPageNavigationItem reference="pf.Help"/>
      </LocalActionResult>
   </ActionNavigationItem>

   <ActionNavigationItem name="pf.DefaultAction"
                         actionClass="command.Command"
                         usageType="No_Type">
   </ActionNavigationItem>

   <ActionNavigationItem name="pf.DocumentSectionPrintReady"
                         actionClass="document.Document"
                         actionMethod="doRetrieveDocumentSections"
                         usageType="PREADY">
      <LocalActionResult name="success">
         <ReferenceToPageNavigationItem reference="pf.DocumentSectionPrintReady"/>
      </LocalActionResult>
   </ActionNavigationItem>

   <ActionNavigationItem name="pf.Feedback" 
                         actionClass="Feedback" 
                         actionMethod="doPerform" 
                         isSecure="false">
      <LocalActionResult name="success">
         <ReferenceToPageNavigationItem reference="PLACEHOLDER.Home"/>
      </LocalActionResult>
   </ActionNavigationItem>

   <ActionNavigationItem name="pf.FileUpload"
                         actionClass="upload.UploadFiles"
                         actionMethod="doPerform"
                         isSecure="false"
                         usageType="SHOW PAGE"
                         allowBookmark="true">
      <LocalActionResult name="success">
         <ReferenceToPageNavigationItem reference="pf.ShowFile"/>
      </LocalActionResult>
   </ActionNavigationItem>
   
   <ActionNavigationItem name="pf.GoToBreadCrumb" 
                        actionClass="breadcrumb.BreadCrumb" 
                        actionMethod="doShowpage" 
                        isSecure="false" 
                        usageType="SHOW PAGE"
                        allowBookmark="false">
   </ActionNavigationItem>

   <ActionNavigationItem name="pf.GotoSearchResultPage"
                         actionClass="search.PageSearchResults"
                         usageType="SHOW PAGE"
                         actionMethod="doGotoPage">
      <LocalActionResult name="NResults">
         <ReferenceToPageNavigationItem reference="pf.Results"/>
         <BreadCrumbControl updateCurrentContext="true"/>
      </LocalActionResult>
      <LocalActionResult name="success">
         <ReferenceToPageNavigationItem reference="pf.Results"/>
         <BreadCrumbControl updateCurrentContext="true"/>
      </LocalActionResult>
   </ActionNavigationItem>
   
   <ActionNavigationItem
      name="pf.HealthCheck"
      actionClass="healthcheck.HealthCheck"
      actionMethod="doHealthCheck"
      commandSync="false"
      usageType="SHOW PAGE">
      <LocalActionResult name="Success">
         <ReferenceToPageNavigationItem reference="pf.HealthCheck"/>
      </LocalActionResult>
      <LocalActionResult name="Failed">
         <ReferenceToPageNavigationItem reference="pf.HealthCheck"/>
      </LocalActionResult>
   </ActionNavigationItem>    

   <ActionNavigationItem name="pf.Help"
                         actionClass="help.Help"
                         actionMethod="doHelp"
                         isSecure="false"
                         commandSync="false"
                         usageType="HELP">
      <LocalActionResult name="success">
         <ReferenceToPageNavigationItem reference="pf.Help"/>
      </LocalActionResult>
   </ActionNavigationItem>

   <ActionNavigationItem name="pf.hideAll" 
                         actionClass="search.SearchResults" 
                         actionMethod="hideAll">
      <LocalActionResult name="NResults">
         <ReferenceToPageNavigationItem reference="pf.Results"/>
         <BreadCrumbControl updateCurrentContext="true"/>
      </LocalActionResult>
      <LocalActionResult name="NoResults">
         <ReferenceToPageNavigationItem reference="pf.Results"/>
         <BreadCrumbControl updateCurrentContext="true"/>
      </LocalActionResult>
      <LocalActionResult name="OneResult">
         <ReferenceToPageNavigationItem reference="pf.Results"/>
         <BreadCrumbControl updateCurrentContext="true"/>
      </LocalActionResult>
   </ActionNavigationItem>

   <ActionNavigationItem name="pf.hideAllOnSearchResults" 
                         actionClass="search.RedisplaySearchResults" 
                         usageType="SHOW PAGE"
                         actionMethod="hideAll">
      <LocalActionResult name="validSearch">
         <ReferenceToPageNavigationItem reference="pf.Results"/>
         <BreadCrumbControl updateCurrentContext="true"/>
      </LocalActionResult>
      <LocalActionResult name="NResults">
         <ReferenceToPageNavigationItem reference="pf.Results"/>
         <BreadCrumbControl updateCurrentContext="true"/>
      </LocalActionResult>
      <LocalActionResult name="NoResults">
         <ReferenceToPageNavigationItem reference="pf.Results"/>
         <BreadCrumbControl updateCurrentContext="true"/>
      </LocalActionResult>
      <LocalActionResult name="OneResult">
         <ReferenceToPageNavigationItem reference="pf.Results"/>
         <BreadCrumbControl updateCurrentContext="true"/>
      </LocalActionResult>
   </ActionNavigationItem>

   <ActionNavigationItem name="pf.HideDocument" 
                         actionClass="document.Document" 
                         actionMethod="doHide" 
                         usageType="RETRIEVAL">
      <LocalActionResult name="redisplay">
         <ReferenceToPageNavigationItem reference="pf.Document"/>
      </LocalActionResult>
   </ActionNavigationItem>

   <ActionNavigationItem name="pf.HomePage"
                         actionClass="homepage.HomePage"
                         actionMethod="doShowpage"
                         commandSync="false"
                         usageType="SHOW PAGE"
                         allowBookmark="true">
   </ActionNavigationItem>

   <ActionNavigationItem name="pf.ImageButtonTranslator" 
                         actionClass="translator.ImageButtonTranslator" 
                         usageType="SHOW PAGE"
                         actionMethod="translate">
     <LocalActionResult name="validSearch">
        <ReferenceToPageNavigationItem reference="pf.Results"/>
     </LocalActionResult>
   </ActionNavigationItem>

   <ActionNavigationItem name="pf.ImageShowPage"
                         actionClass="showpage.ShowPage"
                         actionMethod="doShowpageFromImageButton"
                         commandSync="false"
                         usageType="SHOW PAGE"
                         allowBookmark="true">
   </ActionNavigationItem>

   <ActionNavigationItem name="pf.LoginAction"
                         actionClass="login.ExplicitLoginUser"
                         actionMethod="doPerform"
                         isSecure="false"
                         commandSync="false"
                         allowBookmark="true"
                         usageType="LOGIN">
        <LocalActionResult name="success">
         <ReferenceToPageNavigationItem reference="PLACEHOLDER.Start"/>
       </LocalActionResult>
       <LocalActionResult name="Failed"
                          statusId="F"
                          reasonCodeId="OTHER">
         <ReferenceToPageNavigationItem reference="pf.ErrorPage"/>
      </LocalActionResult>
   </ActionNavigationItem>

   <ActionNavigationItem name="pf.Logout"
                         actionClass="login.LogUserOut"
                         actionMethod="doPerform"
                         isSecure="false"
                         allowBookmark="true"
                         usageType="LOGOUT">
      <LocalActionResult name="Success">
         <ReferenceToPageNavigationItem reference="pf.LogOut"/>
      </LocalActionResult>
      <LocalActionResult name="Failed"
                         statusId="F"
                         reasonCodeId="OTHER">
         <ReferenceToPageNavigationItem reference="pf.ErrorPage"/>
      </LocalActionResult>
   </ActionNavigationItem>

   <ActionNavigationItem name="pf.LogoutToLoginPage"
                         actionClass="login.LogUserOut"
                         actionMethod="doPerform"
                         isSecure="false"
                         allowBookmark="true"
                         usageType="LOGOUT">
      <LocalActionResult name="Success">
         <ReferenceToPageNavigationItem reference="pf.Login"/>
      </LocalActionResult>
      <LocalActionResult name="Failed"
                         statusId="F"
                         reasonCodeId="OTHER">
         <ReferenceToPageNavigationItem reference="pf.ErrorPage"/>
      </LocalActionResult>
   </ActionNavigationItem>
   
   <ActionNavigationItem name="pf.NextSearchResultPage"
                         actionClass="search.PageSearchResults"
                         usageType="SHOW PAGE"
                         actionMethod="doNextPage">
      <LocalActionResult name="NResults">
         <!--
         ** We really don't care which page... The page for the search builder
         ** will get loaded. The following page will be loaded if none other
         ** is defined.
         -->
         <ReferenceToPageNavigationItem reference="pf.Results"/>
         <BreadCrumbControl updateCurrentContext="true"/>
      </LocalActionResult>
      <LocalActionResult name="success">
         <ReferenceToPageNavigationItem reference="pf.Results"/>
         <BreadCrumbControl updateCurrentContext="true"/>
      </LocalActionResult>
   </ActionNavigationItem>

   <ActionNavigationItem name="pf.PreviousSearchResultPage"
                         actionClass="search.PageSearchResults"
                         usageType="SHOW PAGE"
                         actionMethod="doPreviousPage">
      <LocalActionResult name="NResults">
         <ReferenceToPageNavigationItem reference="pf.Results"/>
         <BreadCrumbControl updateCurrentContext="true"/>
      </LocalActionResult>
      <LocalActionResult name="success">
         <ReferenceToPageNavigationItem reference="pf.Results"/>
         <BreadCrumbControl updateCurrentContext="true"/>
      </LocalActionResult>
   </ActionNavigationItem>

   <ActionNavigationItem name="pf.PrintDocumentSections"
                         actionClass="document.Document"
                         actionMethod="doPrintDocumentSections"
                         usageType="PREADY">
      <LocalActionResult name="success">
         <ReferenceToPageNavigationItem reference="pf.PrintReadyDocument"/>
      </LocalActionResult>
   </ActionNavigationItem>

   <ActionNavigationItem name="pf.PrintReady" 
                         actionClass="showpage.PrintReady" 
                         actionMethod="doPerform" 
                         commandSync="false"
                         usageType="PREADY">
   </ActionNavigationItem>

   <ActionNavigationItem name="pf.PrintReadyDocument" 
                         actionClass="document.Document" 
                         actionMethod="doRetrievePrintReadyDoc" 
                         usageType="PREADY">
      <LocalActionResult name="success">
         <ReferenceToPageNavigationItem reference="pf.PrintReadyDocument"/>
      </LocalActionResult>
   </ActionNavigationItem>

   <ActionNavigationItem name="pf.PrintReadySearch"
                         actionClass="search.Search"
                         actionMethod="printReadySearch"
      usageType="PREADY">
      <LocalActionResult name="NoResults">
         <ReferenceToPageNavigationItem reference="pf.PrintReadySearchResults"/>
      </LocalActionResult>
      <LocalActionResult name="OneResult">
         <ReferenceToPageNavigationItem reference="pf.PrintReadySearchResults"/>
      </LocalActionResult>
      <LocalActionResult name="NResults">
         <ReferenceToPageNavigationItem reference="pf.PrintReadySearchResults"/>
      </LocalActionResult>
   </ActionNavigationItem>
   
   <ActionNavigationItem name="pf.Relogin"
                         actionClass="login.Relogin"
                         actionMethod="relogin"
                         isSecure="true"
                         allowBookmark="true"
                         usageType="LOGIN">
        <LocalActionResult name="success">
         <ReferenceToPageNavigationItem reference="PLACEHOLDER.Start"/>
       </LocalActionResult>
       <LocalActionResult name="Failed"
                          statusId="F"
                          reasonCodeId="OTHER">
         <ReferenceToPageNavigationItem reference="pf.ErrorPage"/>
      </LocalActionResult>
   </ActionNavigationItem>

   <ActionNavigationItem name="pf.RetrieveImage"
                         actionClass="image.ImageRetriever"
                         actionMethod="doGetimage"
                         isSecure="false"
                         usageType="RETRIEVAL">
      <LocalActionResult name="success">
         <ReferenceToPageNavigationItem reference="pf.NoScreen"/>
      </LocalActionResult>
   </ActionNavigationItem>

   <ActionNavigationItem name="pf.showAll" 
                         actionClass="search.SearchResults" 
                         actionMethod="showAll">
      <LocalActionResult name="NResults">
         <ReferenceToPageNavigationItem reference="pf.Results"/>
         <BreadCrumbControl updateCurrentContext="true"/>
      </LocalActionResult>
      <LocalActionResult name="NoResults">
         <ReferenceToPageNavigationItem reference="pf.Results"/>
         <BreadCrumbControl updateCurrentContext="true"/>
      </LocalActionResult>
      <LocalActionResult name="OneResult">
         <ReferenceToPageNavigationItem reference="pf.Results"/>
         <BreadCrumbControl updateCurrentContext="true"/>
      </LocalActionResult>
   </ActionNavigationItem>

   <ActionNavigationItem name="pf.showAllOnSearchResults" 
                         actionClass="search.RedisplaySearchResults" 
                         usageType="SHOW PAGE"
                         actionMethod="showAll">
      <LocalActionResult name="validSearch">
         <ReferenceToPageNavigationItem reference="pf.Results"/>
         <BreadCrumbControl updateCurrentContext="true"/>
      </LocalActionResult>
      <LocalActionResult name="NResults">
         <ReferenceToPageNavigationItem reference="pf.Results"/>
         <BreadCrumbControl updateCurrentContext="true"/>
      </LocalActionResult>
      <LocalActionResult name="NoResults">
         <ReferenceToPageNavigationItem reference="pf.Results"/>
         <BreadCrumbControl updateCurrentContext="true"/>
      </LocalActionResult>
      <LocalActionResult name="OneResult">
         <ReferenceToPageNavigationItem reference="pf.Results"/>
         <BreadCrumbControl updateCurrentContext="true"/>
      </LocalActionResult>
   </ActionNavigationItem>

   <ActionNavigationItem name="pf.ShowDocument" 
                         actionClass="document.Document" 
                         actionMethod="doShow" 
                         usageType="RETRIEVAL">
      <LocalActionResult name="redisplay">
         <ReferenceToPageNavigationItem reference="pf.Document"/>
      </LocalActionResult>
   </ActionNavigationItem>

   <ActionNavigationItem name="pf.ShowPage"
                         actionClass="showpage.ShowPage"
                         actionMethod="doShowpage"
                         commandSync="false"
                         usageType="SHOW PAGE"
                         allowBookmark="true">
   </ActionNavigationItem>

<!-- end ACTION NAVIGATION ITEMS -->

</ApplicationNavigationData>
</ComponentDDAN>
