<?xml version="1.0" encoding="UTF-8"?>
<!DOCTYPE module PUBLIC "-//Puppy Crawl//DTD Check Configuration 1.3//EN" "http://www.puppycrawl.com/dtds/configuration_1_3.dtd">

<!--
    This configuration file was written by the eclipse-cs plugin configuration editor
-->
<!--
    Checkstyle-Configuration: TR_CheckStyle
    Description: none
-->
<module name="Checker">
  <property name="severity" value="warning"/>
  <module name="TreeWalker">
    <module name="PackageName">
      <property name="format" value="^com.truven.app\.[a-z]+(\.[a-z][a-z0-9]*)*$"/>
      <metadata name="com.atlassw.tools.eclipse.checkstyle.comment" value="Package name should start with com.truven.app"/>
    </module>
    <module name="StaticVariableName">
      <property name="format" value="^__[a-z][a-zA-Z0-9]*$"/>
      <metadata name="com.atlassw.tools.eclipse.checkstyle.comment" value="Static variables should start with __(double underscore)"/>
    </module>
    <module name="TypeName">
      <property name="tokens" value="CLASS_DEF"/>
      <metadata name="com.atlassw.tools.eclipse.checkstyle.comment" value="Class Name should start with capital"/>
    </module>
    <module name="LineLength">
      <property name="ignorePattern" value="^import"/>
      <property name="max" value="100"/>
      <property name="tabWidth" value="3"/>
      <metadata name="com.atlassw.tools.eclipse.checkstyle.comment" value="Line exceeds 100 characters"/>
    </module>
    <module name="EmptyBlock">
      <metadata name="com.atlassw.tools.eclipse.checkstyle.comment" value="Should contain atleast one statement"/>
    </module>
    <module name="TypeName">
      <property name="format" value="^[A-Z][a-zA-Z0-9]*IF$"/>
      <property name="tokens" value="INTERFACE_DEF"/>
      <metadata name="com.atlassw.tools.eclipse.checkstyle.comment" value="Interface should end with IF"/>
    </module>
    <module name="ConstantName">
      <metadata name="com.atlassw.tools.eclipse.checkstyle.comment" value="Constants should be capital"/>
    </module>
    <module name="LocalFinalVariableName">
      <metadata name="com.atlassw.tools.eclipse.checkstyle.comment" value="Local final variables should be capital"/>
    </module>
    <module name="MethodName">
      <metadata name="com.atlassw.tools.eclipse.checkstyle.comment" value="Method name should start with lowercase letter"/>
    </module>
    <module name="ParameterName">
      <metadata name="com.atlassw.tools.eclipse.checkstyle.comment" value="Parameter name should start with lowercase letter"/>
    </module>
    <module name="AvoidStarImport">
      <metadata name="com.atlassw.tools.eclipse.checkstyle.comment" value="Avoid the use of demand import statements"/>
    </module>
    <module name="IllegalImport">
      <metadata name="com.atlassw.tools.eclipse.checkstyle.comment" value="Illegal import statement"/>
    </module>
    <module name="RedundantImport">
      <metadata name="com.atlassw.tools.eclipse.checkstyle.comment" value="Redundant imoprt statements"/>
    </module>
    <module name="UnusedImports">
      <metadata name="com.atlassw.tools.eclipse.checkstyle.comment" value="Unused import statements"/>
    </module>
    <module name="OperatorWrap">
      <metadata name="com.atlassw.tools.eclipse.checkstyle.comment" value="Operator Wrap"/>
    </module>
    <module name="MethodParamPad"/>
    <module name="WhitespaceAfter">
      <property name="tokens" value="COMMA,SEMI"/>
      <metadata name="com.atlassw.tools.eclipse.checkstyle.comment" value="Provide white space after (,)comma,(;)semicolon"/>
    </module>
    <module name="GenericWhitespace"/>
    <module name="WhitespaceAround">
      <metadata name="com.atlassw.tools.eclipse.checkstyle.comment" value="Provide whitespaces around the operators"/>
    </module>
    <module name="NoWhitespaceBefore">
      <metadata name="com.atlassw.tools.eclipse.checkstyle.comment" value="Avoid white spaces"/>
    </module>
    <module name="NoWhitespaceAfter">
      <metadata name="com.atlassw.tools.eclipse.checkstyle.comment" value="Avoid white spaces after the opertor or Typecast"/>
    </module>
    <module name="LeftCurly">
      <property name="option" value="nl"/>
      <metadata name="com.atlassw.tools.eclipse.checkstyle.comment" value="Left curly braces should be next line(alone)"/>
    </module>
    <module name="RightCurly">
      <property name="option" value="alone"/>
      <metadata name="com.atlassw.tools.eclipse.checkstyle.comment" value="Right curly braces should be next line(alone)"/>
    </module>
    <module name="NeedBraces">
      <metadata name="com.atlassw.tools.eclipse.checkstyle.comment" value="Need Braces"/>
    </module>
    <module name="AvoidInlineConditionals">
      <metadata name="com.atlassw.tools.eclipse.checkstyle.comment" value="Avoid inline conditionals"/>
    </module>
    <module name="DeclarationOrder">
      <metadata name="com.atlassw.tools.eclipse.checkstyle.comment" value="Check for declaration order"/>
    </module>
    <module name="DoubleCheckedLocking">
      <property name="severity" value="ignore"/>
      <metadata name="com.atlassw.tools.eclipse.checkstyle.comment" value="Double checked Locking"/>
      <metadata name="net.sf.eclipsecs.core.lastEnabledSeverity" value="inherit"/>
    </module>
    <module name="EmptyStatement">
      <metadata name="com.atlassw.tools.eclipse.checkstyle.comment" value="Empty statement"/>
    </module>
    <module name="EqualsHashCode">
      <metadata name="com.atlassw.tools.eclipse.checkstyle.comment" value="Class that override equals() or hashCode()"/>
    </module>
    <module name="HiddenField">
      <metadata name="com.atlassw.tools.eclipse.checkstyle.comment" value="Local variable or parameter field defined in the same class shadowly"/>
    </module>
    <module name="IllegalInstantiation">
      <metadata name="com.atlassw.tools.eclipse.checkstyle.comment" value="Illegal Instantiation"/>
    </module>
    <module name="InnerAssignment">
      <metadata name="com.atlassw.tools.eclipse.checkstyle.comment" value="Avoid inner assignment like (String s=new Integer.toString(i=2);)"/>
    </module>
    <module name="MagicNumber">
      <metadata name="com.atlassw.tools.eclipse.checkstyle.comment" value="Avoid Magic number"/>
    </module>
    <module name="MissingSwitchDefault">
      <metadata name="com.atlassw.tools.eclipse.checkstyle.comment" value="Missing switch default"/>
    </module>
    <module name="RedundantThrows">
      <metadata name="com.atlassw.tools.eclipse.checkstyle.comment" value="Redundant exception declared"/>
    </module>
    <module name="SimplifyBooleanExpression">
      <metadata name="com.atlassw.tools.eclipse.checkstyle.comment" value="Complicatd boolean expression"/>
    </module>
    <module name="SimplifyBooleanReturn">
      <metadata name="com.atlassw.tools.eclipse.checkstyle.comment" value="Complicated boolean return statement"/>
    </module>
    <module name="FinalClass">
      <metadata name="com.atlassw.tools.eclipse.checkstyle.comment" value="a class which has only private constructor is declared as final"/>
    </module>
    <module name="InterfaceIsType">
      <metadata name="com.atlassw.tools.eclipse.checkstyle.comment" value="Interface is type"/>
    </module>
    <module name="VisibilityModifier">
      <metadata name="com.atlassw.tools.eclipse.checkstyle.comment" value="Only static members may be public;other class members must be private unless property protectedAllowed or packageAllowed is set"/>
    </module>
    <module name="ArrayTypeStyle">
      <metadata name="com.atlassw.tools.eclipse.checkstyle.comment" value="change the style of  array type definitions"/>
    </module>
    <module name="TodoComment">
      <metadata name="com.atlassw.tools.eclipse.checkstyle.comment" value="Comments"/>
    </module>
    <module name="UpperEll">
      <metadata name="com.atlassw.tools.eclipse.checkstyle.comment" value="lang constants are defined with upper ell."/>
    </module>
    <module name="LocalVariableName">
      <metadata name="com.atlassw.tools.eclipse.checkstyle.comment" value="local variable should start with lowercase letter and not with _ underscore"/>
    </module>
    <module name="MemberName">
      <property name="format" value="^_[a-z][a-zA-Z0-9]*$"/>
      <metadata name="com.atlassw.tools.eclipse.checkstyle.comment" value="Member names should start with _ character"/>
    </module>
    <module name="DefaultComesLast">
      <metadata name="com.atlassw.tools.eclipse.checkstyle.comment" value="Default is after all the cases in a switch statement"/>
    </module>
  </module>
  <module name="FileLength">
    <metadata name="com.atlassw.tools.eclipse.checkstyle.comment" value="File length exceeds 2000"/>
  </module>
  <module name="Translation">
    <metadata name="com.atlassw.tools.eclipse.checkstyle.comment" value="Check for transaltions"/>
  </module>
  <module name="JavadocPackage">
    <metadata name="com.atlassw.tools.eclipse.checkstyle.comment" value="File Extension should be .java (small case)"/>
  </module>
</module>

