<!-- Note:  A "Server" is not itself a "Container", so you may not
     define subcomponents such as "Valves" at this level.
     Documentation at /docs/config/server.html
 -->
<Server port="${thc.tomcat.shutdown.port}" shutdown="SHUTDOWN">

  <!--APR library loader. Documentation at /docs/apr.html -->
  <Listener className="org.apache.catalina.core.AprLifecycleListener" SSLEngine="on" />
  <!--Initialize Jasper prior to webapps are loaded. Documentation at /docs/jasper-howto.html -->
  <Listener className="org.apache.catalina.core.JasperListener" />
  <!-- JMX Support for the Tomcat server. Documentation at /docs/non-existent.html -->
  <!--
  <Listener className="org.apache.catalina.mbeans.ServerLifecycleListener" />
  -->
  <Listener className="org.apache.catalina.mbeans.GlobalResourcesLifecycleListener" />

  <!-- Global JNDI resources
       Documentation at /docs/jndi-resources-howto.html
  -->
  <GlobalNamingResources>
    <!-- Editable user database that can also be used by
         UserDatabaseRealm to authenticate users
         
         JLima modified pathname attribute from "conf/tomcat-users.xml" to
         "temp/tomcat-users.xml", and added
         copy ${TOMCAT_BASE}/tomcat-users.xml ${TOMCAT_TMPDIR} 
         to startTomcat.sh because Tomcat6014 was touching
         "conf/tomcat-users.xml" during every startup and this file is CVS 
         controlled. The temp subdirectory is NOT CVS controlled so CVS does not
         care if temp/tomcat-users.xml changed at release time.
    -->
     <Resource
        name="UserDatabase"
        auth="Container"
        type="org.apache.catalina.UserDatabase"
        description="User database that can be updated and saved"
        factory="org.apache.catalina.users.MemoryUserDatabaseFactory"
        pathname="temp/tomcat-users.xml" />
  </GlobalNamingResources>

  <!-- A "Service" is a collection of one or more "Connectors" that share
       a single "Container" Note:  A "Service" is not itself a "Container", 
       so you may not define subcomponents such as "Valves" at this level.
       Documentation at /docs/config/service.html
   -->
  <Service name="Catalina">
  
    <!--The connectors can use a shared executor, you can define one or more named thread pools-->
    <!--
    <Executor name="tomcatThreadPool" namePrefix="catalina-exec-" 
        maxThreads="150" minSpareThreads="4"/>
    -->
    
    
    <!-- A "Connector" represents an endpoint by which requests are received
         and responses are returned. Documentation at :
         Java HTTP Connector: /docs/config/http.html (blocking & non-blocking)
         Java AJP  Connector: /docs/config/ajp.html
         APR (HTTP/AJP) Connector: /docs/apr.html
         Define a non-SSL HTTP/1.1 Connector on port 8080
    -->

    <!-- MG: Added configuration -->
    <Connector
       port="${thc.tomcat.port}"
       address="0.0.0.0"
       protocol="HTTP/1.1"
       maxThreads="15"
       enableLookups="false"
       redirectPort="8443"
       acceptCount="10"
       connectionTimeout="60000"
       disableUploadTimeout="true" />
    <!-- A "Connector" using the shared thread pool-->
    <!--
    <Connector executor="tomcatThreadPool"
               port="8080" protocol="HTTP/1.1" 
               connectionTimeout="20000" 
               redirectPort="8443" />
    -->           
    <!-- Define a SSL HTTP/1.1 Connector on port 8443
         This connector uses the JSSE configuration, when using APR, the 
         connector should be using the OpenSSL style configuration
         described in the APR documentation -->
    <!--
    <Connector port="8443" protocol="HTTP/1.1" SSLEnabled="true"
               maxThreads="150" scheme="https" secure="true"
               clientAuth="false" sslProtocol="TLS" />
    -->

    <!-- MG: Add AJP connector -->
    <Connector
       port="${thc.tomcat.ajp.port}"
       address="${thc.bindaddress.primary}"
       maxThreads="50"
       connectionTimeout="60000"
       backlog="50"
       enableLookups="false"
       redirectPort="8443"
       protocol="AJP/1.3" />

    <!-- An Engine represents the entry point (within Catalina) that processes
         every request.  The Engine implementation for Tomcat stand alone
         analyzes the HTTP headers included with the request, and passes them
         on to the appropriate Host (virtual host).
         Documentation at /docs/config/engine.html -->

    <!-- You should set jvmRoute to support load-balancing via AJP ie :
    <Engine name="Standalone" defaultHost="localhost" jvmRoute="jvm1">         
    --> 
    <Engine
       name="Catalina"
       defaultHost="localhost"
       jvmRoute="${thc.tomcat.jvmroute}" >

      <!--For clustering, please take a look at documentation at:
          /docs/cluster-howto.html  (simple how to)
          /docs/config/cluster.html (reference documentation) -->
      <!--
      <Cluster className="org.apache.catalina.ha.tcp.SimpleTcpCluster"/>
      -->        

      <!--
      BHD/MG: channelSendOptions set to "8" which I believe is
                SEND_OPTIONS_USE_ACK || SEND_OPTIONS_ASYNCHRONOUS 
                translated to decimal.
      -->
      <Cluster
         className="org.apache.catalina.ha.tcp.SimpleTcpCluster"
         channelSendOptions="8">

         <!--
         BDH/MG: Make sure expireSessionsOnShutdown to "false" so that
                   shutting down one node does not expire sessions on
                   all nodes!
         -->
         <Manager
            className="org.apache.catalina.ha.session.DeltaManager"
            expireSessionsOnShutdown="false"
            notifyListenersOnReplication="false"/>

         <Channel className="org.apache.catalina.tribes.group.GroupChannel">
            <!--
                 * Administrative/internal multicast address should be in the
                 range 239.0.0.0 to 239.255.255.255.
                 * Ports numbered 49152 and obove will never be reserved.
            -->
            <Membership 
               className="org.apache.catalina.tribes.membership.McastService"
               address="${thc.multicast.address}"
               port="${thc.multicast.port}"
               frequency="1000"
               dropTime="3000"
               soTimeout="5000"/>
               <!--
               <Receiver 
                  autoBind="100"
               -->
            <!-- MG: BDH version below -->
            <!--
            <Receiver 
               className="org.apache.catalina.tribes.transport.nio.NioReceiver"
               address="auto"
               port="${tomcat.replication.port}"
               selectorTimeout="5000"
               maxThreads="6" />
            -->
            <Receiver 
               className="org.apache.catalina.tribes.transport.nio.NioReceiver"
               address="${thc.bindaddress.multicast}"
               port="${tomcat.replication.port}"
               selectorTimeout="5000"
               maxThreads="6" />
            <Sender
               className="org.apache.catalina.tribes.transport.ReplicationTransmitter" >
               <Transport className="org.apache.catalina.tribes.transport.nio.PooledParallelSender" />
            </Sender>
            <Interceptor
               className="org.apache.catalina.tribes.group.interceptors.TcpFailureDetector" />
            <Interceptor
               className="org.apache.catalina.tribes.group.interceptors.MessageDispatch15Interceptor" />
            <Interceptor
               className="org.apache.catalina.tribes.group.interceptors.ThroughputInterceptor" />
         </Channel>

         <Valve
            className="org.apache.catalina.ha.tcp.ReplicationValve"
            statistics="true"
            filter=".*\.gif;.*\.js;.*\.jpg;.*\.htm;.*\.html;.*\.css;" />
         <Valve
            className="org.apache.catalina.ha.session.JvmRouteBinderValve"
            enabled="true" />

         <ClusterListener
            className="org.apache.catalina.ha.session.JvmRouteSessionIDBinderListener" />
         <ClusterListener
            className="org.apache.catalina.ha.session.ClusterSessionListener" />
      </Cluster>    

      <!-- The request dumper valve dumps useful debugging information about
           the request and response data received and sent by Tomcat.
           Documentation at: /docs/config/valve.html -->
      <!--
      <Valve className="org.apache.catalina.valves.RequestDumperValve"/>
      -->

      <!-- This Realm uses the UserDatabase configured in the global JNDI
           resources under the key "UserDatabase".  Any edits
           that are performed against this UserDatabase are immediately
           available for use by the Realm.  -->
      <Realm className="org.apache.catalina.realm.UserDatabaseRealm"
             resourceName="UserDatabase"/>

      <!-- Define the default virtual host
           Note: XML Schema validation will not work with Xerces 2.2.
       -->
      <Host
         name="localhost"
         appBase="webapps"
         unpackWARs="true"
         autoDeploy="${thc.tomcat.server.host.autoDeploy}"
         xmlValidation="false"
         xmlNamespaceAware="false">

        <!-- SingleSignOn valve, share authentication between web applications
             Documentation at: /docs/config/valve.html -->
        <!--
        <Valve className="org.apache.catalina.authenticator.SingleSignOn" />
        -->

        <!-- Access log processes all example.
             Documentation at: /docs/config/valve.html -->
        <!--
        <Valve className="org.apache.catalina.valves.AccessLogValve" directory="logs"  
               prefix="localhost_access_log." suffix=".txt" pattern="common" resolveHosts="false"/>
        -->

        <!-- MG: Added Access log processes all example -->
        <Valve
           className="org.apache.catalina.valves.AccessLogValve" 
           directory="logs"  
           prefix="localhost_access_log."
           suffix=".txt"
           pattern="common" 
           resolveHosts="false" />

      </Host>
    </Engine>
  </Service>
</Server>

