{  
  "RequestType":"PSDRecommendationRequest",
  "Request":{  
    "Patient":{  
      "SCR":"1.2",
      "GENDER":"FEMALE",
      "BIRTH_DATE":"03/05/1989",
      "WEIGHT":"85",
      "HEIGHT":"170"
    },
    "RequestRecommendationRxList":{  
    	"RequestRecommendationRx":[  
        {  
          "PSDDrug":{  
            "ID":"101997",
            "TYPE":"GFC",
           },
          "RxDoseKey":{  
            "ROUTE_ID":"103",
            "ROUTE_ID_TYPE":"HL7",
            "DOSE_TYPE_ID":"105",
            "INDICATION_ID":"104",
            "INDICATION_ID_TYPE":"TH"
          }
        }
      ]
    },
    "DosingFilters":{  
      "INDICATION_NOT_SPECIFIED":"NORESTRICTION",
      "NO_INDICATION_MATCH":"IGNOREIND",
      "NO_CLINICAL_ROUTE_MATCH":"DONOTDOSE",
      "NORMAL_RESULTS_NO_RENAL_HEPATIC":"FALSE",
      "RETURN_DOSE_KEYS":"TRUE"
    }
  }
}