{
"RequestType": "PSDRecommendationRequest",
"Request":
{
"Patient": {
"CLINICIAN_BSA":"",
"CLINICIAN_LBM":"",
"CLINICIAN_IBW":"",
"CLINICIAN_ADBW":"",
"SCR":"1.2",
"CLINICIAN_CRCL":"",
"HEPATIC_STATUS_ID":"20",
"GENDER": "FEMALE",
"BIRTH_DATE": "03/05/1989",
"BD_MONTH":"05",
"BD_DAY":"05",
"BD_YEAR":"1989",
"WEIGHT": "85",
"HEIGHT": "170"
},
"RequestRecommendationRxList": {
"size":"3",
"RequestRecommendationRx": [
{
"PSDDrug": {
"ID": "00029-3211-13",
"TYPE": "NDC",
"ORDER_ID":"123-AA"
},
"RxDoseKey": {
"ROUTE_ID": "103",
"ROUTE_ID_TYPE": "HL7",
"DOSE_TYPE_ID": "105",
"INDICATION_ID": "104",
"INDICATION_ID_TYPE": "TH"
}
}
]
},
"DosingFilters": {
"INDICATION_NOT_SPECIFIED": "NORESTRICTION",
"NO_INDICATION_MATCH": "IGNOREIND",
"NO_CLINICAL_ROUTE_MATCH": "DONOTDOSE",
"NORMAL_RESULTS_NO_RENAL_HEPATIC": "FALSE",
"RETURN_DOSE_KEYS": "TRUE"
}
}
}