<?xml version="1.0" encoding="UTF-8" ?>
<!DOCTYPE suite SYSTEM "http://testng.org/testng-1.0.dtd" >
<suite name="CPSI_CKOQAT">
	<listeners>
		<listener class-name="com.truven.ids.application.cko.uitest.TestListener" />
	</listeners>
	<test name="Regression">
		<!--CPSI_Machine_1 = http://10.230.138.23:8080/ CPSI_Machine_2 = http://10.230.139.12:8080/ -->


		<parameter name="ExecuteInJenkins" value="No"></parameter>
		<parameter name="Execute" value="CPSI"></parameter>
		<parameter name="ExecuteIn" value="CPSI_Machine_1"></parameter>
		<groups>
			<run>
				<include name="ab" />
			</run>
		</groups>
		<packages>
			<package name="com.truven.ids.application.cko.cpsi.testsuite.*" />
		</packages>
	</test>
</suite>