<?xml version="1.0" encoding="UTF-8" ?>
<!DOCTYPE suite SYSTEM "http://testng.org/testng-1.0.dtd" >
<suite name="THIAS_CKOQAT">
<listeners>
		<listener class-name="com.truven.ids.application.cko.uitest.TestListener" />
	</listeners>
	<test name="Regression">
	<!--THIAS_Machine_1 = http://10.230.138.127:8080/
		THIAS_Machine_2 = http://10.230.138.214:8080/
		THIAS_Machine_3 = http://10.230.138.172:8080/-->
	<parameter name="ExecuteInJenkins" value="YES"></parameter>
	<parameter name="Execute" value="THIAS"></parameter>
	<parameter name="ExecuteIn" value="THIAS_Machine_1"></parameter>
		<packages>
			<package name="com.truven.ids.application.cko.uitest.regression.*" />
		</packages>
	</test>
</suite>