<?xml version="1.0" encoding="UTF-8" ?>
<!DOCTYPE suite SYSTEM "http://testng.org/testng-1.0.dtd" >
<suite name="THIDS_CKOQAT" verbose="1">
<listeners>
		<listener class-name="com.truven.ids.application.cko.uitest.TestListener" />
	</listeners>
	<test name="Regression">
	<parameter name="ExecuteInJenkins" value="Yes"></parameter>
	<parameter name="Execute" value="THIDS"></parameter>
	<parameter name="ExecuteIn" value="qa"></parameter>
		<packages>
			<package name="com.truven.ids.application.cko.uitest.regression.*" />
			<package name="com.truven.ids.application.cko.uitest.local.*" />
		</packages>
	</test>
</suite>
