{
"RequestType": "MasRequest",
"Request": {
"CLASS": "PROFESSIONAL",
"Patient": {
"GENDER": "FEMALE",
"BD_MONTH": "2",
"BD_DAY": "23",
"BD_YEAR": "1955",
"LACTATING": "TRUE",
"PREGNANT": "FALSE",
"SMOKER": "TRUE"
},
"CurrentDrugList": {
"Drug": [
{
"CODE": "00056-0172-70",
"TYPE": "NDC",
"ORDER_ID": "123-AA"
}
]
},
"NewDrugList": {
"Drug": [
{
"CODE": "55935-0084-01",
"TYPE": "NDC"
},
{
"CODE": "999999",
"TYPE": "GFC",
"ORDER_ID": "BADORDER"
}
]
},
"AllergenList": {
"Allergen": [
{
"CODE": "7700090",
"TYPE": "MDX_ALG"
}
]
},
"IndicationList": {
"Indication": [
{
"CODE": "011.30",
"TYPE": "ICD_9"
}
]
},
"OrderList": {
"Order": [
{
"ID": "123456789",
"TimeStampList": [
{
"TYPE": "BEGIN",
"YEAR": "2004",
"MONTH": "11",
"DAY": "5",
"HOUR": "13",
"MINUTE": "18",
"SECOND": "20"
},
{
"TYPE": "END",
"YEAR": "2005",
"MONTH": "12",
"DAY": "10",
"HOUR": "14",
"MINUTE": "30",
"SECOND": "10"
}
]
}
]
},
"Filter": {
"DOCUMENTATION_RATING": "UNLIKELY",
"SEVERITY": "MODERATE",
"TypeFilter": [
{
"NAME": "DRUG"
},
{
"NAME": "LAB"
},
{
"NAME": "DISEASE"
},
{
"NAME": "ALLERGY"
},
{
"NAME": "TC_DUPLICATION"
},
{
"NAME": "ANTAGONISM"
},
{
"NAME": "INGREDIENT_DUPLICATION"
}
]
}
}
}