{
"RequestType": "MASValidationRequest",
"Request": {
"CurrentDrugList": {
"Drug": [
{
"CODE": "12345-6789-10",
"TYPE": "NDC",
"ORDER_ID": "123456789"
}
]
},
"AllergenList": {
"Allergen": [
{
"CODE": "7700090",
"TYPE": "MDX_ALG"
}
]
},
"IndicationList": {
"Indication": [
{
"CODE": "011.30",
"TYPE": "ICD_9"
}
]
},
"OrderList": {
"Order": [
{
"ID": "123456789",
"TimeStampList": [
{
"TYPE": "BEGIN",
"YEAR": "2004",
"MONTH": "11",
"DAY": "5",
"HOUR": "13",
"MINUTE": "18",
"SECOND": "20"
}
]
}
]
}
}
}
Response
{
"ResponseType": "MasValidateResult",
"Response": {
"WarningList": {
"Warning": [
{
"ID": 1009048,
"ItemList": {
"Item": [
{
"ID": "12345-6789-10",
"TYPE": "NDC"
},
{
"ID": "123456789",
"TYPE": "ORDER_ID"
}