{  
   "RequestType":"MasRequest",
   "Request":{  
      "CLASS":"PROFESSIONAL",
      "Patient":{  
         "GENDER":"FEMALE",
         "BD_YEAR":"1955"
      },
      "CurrentDrugList":{  
         "Drug":[  
            {  
               "CODE":"00029321113",
               "TYPE":"NDC"
            }
         ]
      },
      "NewDrugList":{  
         "Drug":[  
            {  
               "CODE":"103727",
               "TYPE":"GFC"
            }
         ]
      },
      "AllergenList":{  
         "Allergen":[  
            {  
               "CODE":"7700012",
               "TYPE":"MDX_ALG"
            }
         ]
      },
      "IndicationList":{  
         "Indication":[  
            {  
               "CODE":"108",
               "TYPE":"MDX_CONCEPT"
            }
         ]
      },
      "OrderList":{  
         "Order":[  
            {  
               "ID":"123456789",
               "TimeStampList":[  
                  {  
                     "TYPE":"BEGIN"
                  },
                  {  
                     "TYPE":"END"
                  }
               ]
            }
         ]
      }
   }
}