{  
   "RequestType":"MasRequest",
   "Request":{  
      "CLASS":"PROFESSIONAL",
      "Patient":{  
         "GENDER":"FEMALE",
         "BD_MONTH":"1",
         "BD_DAY":"1",
         "BD_YEAR":"1955",
         "LACTATING":"TRUE",
         "PREGNANT":"TRUE",
         "SMOKER":"TRUE"
      },
      "NewDrugList":{  
         "Drug":[  
            {  
               "CODE":"49884-0027-01",
               "TYPE":"NDC"
            },
            {  
               "CODE":"00008-4192-01",
               "TYPE":"NDC"
            },
            {  
               "CODE":"53014-0850-71",
               "TYPE":"NDC"
            },
            {  
               "CODE":"00603-2481-21",
               "TYPE":"NDC"
            }
         ]
      },
      "CurrentDrugList":{  
         "Drug":[  
            {  
               "CODE":"00781-1294-01",
               "TYPE":"NDC"
            },
            {  
               "CODE":"00603-2481-21",
               "TYPE":"NDC"
            },
            {  
               "CODE":"00088-1796-30",
               "TYPE":"NDC"
            },
            {  
               "CODE":"54092-0053-52",
               "TYPE":"NDC"
            },
            {  
               "CODE":"00781-1966-01",
               "TYPE":"NDC"
            },
            {  
               "CODE":"59762-7380-01",
               "TYPE":"NDC"
            },
            {  
               "CODE":"00173-0242-55",
               "TYPE":"NDC"
            },
            {  
               "CODE":"00067-0330-22",
               "TYPE":"NDC"
            },
            {  
               "CODE":"00085-0614-02",
               "TYPE":"NDC"
            },
            {  
               "CODE":"00006-0713-68",
               "TYPE":"NDC"
            }
         ]
      },
      "Filter":{  
         "DOCUMENTATION_RATING":"POOR",
         "SEVERITY":"MINOR",
         "TypeFilter":[  
            {  
               "NAME":"DRUG"
            },
            {  
               "NAME":"FOOD"
            },
            {  
               "NAME":"ETHANOL"
            },
            {  
               "NAME":"LAB"
            },
            {  
               "NAME":"TOBACCO"
            },
            {  
               "NAME":"DISEASE"
            },
            {  
               "NAME":"ALLERGY"
            },
            {  
               "NAME":"PREGNANCY"
            },
            {  
               "NAME":"LACTATION"
            },
            {  
               "NAME":"PRECAUTIONS"
            },
            {  
               "NAME":"TC_DUPLICATION"
            },
            {  
               "NAME":"ANTAGONISM"
            },
            {  
               "NAME":"INGREDIENT_DUPLICATION"
            },
            {  
               "NAME":"PROXY_DISEASE"
            },
            {  
               "NAME":"PATIENT_DISEASE"
            }
         ]
      }
   }
}