{ 
  "RequestType": "MASValidationRequest",
  "Request":{
    "CurrentDrugList": {
      "Drug": [
        {
          "CODE": "12345-6789-10",
          "TYPE": "NDC",
          "ORDER_ID": "BADORDER"
        }
      ]
    },
    "NewDrugList": {
      "Drug": [
        {
          "CODE": "00603-2481-21",
          "TYPE": "NDC",
          "ORDER_ID": "BADORDER"
        }
      ]
    },
    "AllergenList": {
      "Allergen": [
        {
          "CODE": "7700090",
          "TYPE": "MDX_ALG"
        }
      ]
    },
    "IndicationList": {
      "Indication": [
        {
          "CODE": "011.30",
          "TYPE": "ICD_9"
        }
      ]
    },
    "OrderList": {
      "Order": [
        {
          "ID": "123456789",
          "TimeStampList": [
              {
                "TYPE": "BEGIN",
                "YEAR": "2004",
                "MONTH": "11",
                "DAY": "5",
                "HOUR": "13",
                "MINUTE": "18",
                "SECOND": "20"
              }
            ]
          
        }
      ]
    }
  }
}
