{ 
  "RequestType": "MASValidationRequest",
  "Request":{
  
    "NewDrugList": {
      "Drug": [
        {
          "CODE": "107609",
          "TYPE": "GFC",
          "ORDER_ID": "123-AA"
        }
      ]
    },
    "AllergenList": {
      "Allergen": [
        {
          "CODE": "7700090",
          "TYPE": "MDX_ALG"
        }
      ]
    },
    "IndicationList": {
      "Indication": [
        {
          "CODE": "011.30",
          "TYPE": "ICD_9"
        }
      ]
    },
    "OrderList": {
      "Order": [
        {
          "ID": "123-AA",
          "TimeStampList": [
              {
                "TYPE": "BEGIN",
                "YEAR": "2004",
                "MONTH": "8",
                "DAY": "5",
                "HOUR": "5",
                "MINUTE": "15",
                "SECOND": "0"
              },
	      {  
                     "TYPE":"END",
                     "YEAR":"2004",
                     "MONTH":"8",
                     "DAY":"22",
                     "HOUR":"10",
                     "MINUTE":"33",
                     "SECOND":"12"
               }	
            ]
          
        }
      ]
    }
  }
}