<?xml version="1.0" encoding="UTF-8"?>
<!DOCTYPE binding SYSTEM "binding.dtd">

<binding forwards="false">
   <mapping name="searchData"
      class="com.thc.ids.presentation.search.PFSearchData"
      package="com.thc.ids.presentation.search">
      <structure name="results" usage="optional"
              get-method="getResultList" 
              set-method="setResultList">
         <collection field="_results"/>
      </structure>
      <structure name="resultInfo"
         get-method="getResultInfo"
         set-method="setResultInfo">
         <value name="searchTerms" field="_searchTerms" usage="optional"/>
         <value name="sortAction" field="_sortAction" usage="optional"/>
         <structure name="sortOptions" field="_sortOptions" usage="optional">
            <collection field="_selectItems"/>
         </structure>
         <collection name="groups" field="_groups" usage="optional"/>
         <collection name="relatedTerms" field="_relatedTerms" usage="optional"/>
         <structure name="additionalInformation" field="_additionalInformation" usage="optional">
            <value name="labelId" field="_labelId" usage="optional"/>
            <value name="value" field="_value" usage="optional"/>
         </structure>
      </structure>
      <structure name="pagingData"
         get-method="getPagingData"
         set-method="setPagingData">
         <value name="from" get-method="getFrom" set-method="setFrom"/>
         <value name="to" get-method="getTo" set-method="setTo"/>
         <value name="of" get-method="getOf" set-method="setOf"/>
         <value name="curPage" 
         get-method="getCurrentPage" 
         set-method="setCurrentPage"/>
         <value name="pageSize" 
         get-method="getPageSize" 
         set-method="setPageSize"/>
         <value name="hasPrevious" 
         get-method="getHasPrevious"
         set-method="setHasPrevious"/>
         <value name="hasNext" 
         get-method="getHasNext"
         set-method="setHasNext"/>
      </structure>
   </mapping>
   <mapping name="selectBox"
            class="com.thc.ids.presentation.xml_helpers.selectbox.SelectBoxH"
            package="com.thc.ids.presentation.xml_helpers.selectbox">
      <collection field="_selectItems"/>
   </mapping>
   <mapping name="selectData"
      class="com.thc.ids.presentation.xml_helpers.selectbox.SelectItem"
      package="com.thc.ids.presentation.xml_helpers.selectbox">
      <value name="value" field="_value"/>
      <value name="displayText" field="_displayText" usage="optional"/>
      <value name="selected" field="_selected" style="attribute"/>
   </mapping>

   <mapping name="group"
      class="com.thc.ids.presentation.search.searchdata.Group"
      package="com.thc.ids.presentation.search.searchdata">
      <value name="value" field="_value"/>
      <value name="target" field="_target"/>
   </mapping>
      
   <mapping name="branded" 
            class="com.thc.ids.domainobjects.content.BrandedDrug" 
            package="com.thc.ids.domainobjects.content"> 
      <value name="id" get-method="getIdString" set-method="setIdFromValue"/>
      <value name="name" get-method="getName" set-method="setName"/>
      <value name="genericName" get-method="getGenericName" set-method="setGenericName"/>
      <value name="manufacturerName" get-method="getManufacturerName" set-method="setManufacturerName"/>
   </mapping>

   <mapping name="generic"
            class="com.thc.ids.domainobjects.content.GenericDrug"
            package="com.thc.ids.domainobjects.content">
      <value name="id" get-method="getIdString" set-method="setIdFromValue"/>
      <value name="name" get-method="getName" set-method="setName"/>
   </mapping>

   <mapping name="pfData"
            class="com.thc.ids.presentation.xml_helpers.PFDataH"
            package="com.thc.ids.presentation.xml_helpers">
      <structure name="serverData" field="_serverData" usage="optional">
         <value name="serverName" get-method="getServerName" set-method="setServerName"/>
         <value name="serverPort" get-method="getServerPort" set-method="setServerPort"/>
         <value name="serverScheme" get-method="getServerScheme" set-method="setServerScheme"/>
         <value name="scriptName" get-method="getScriptName" set-method="setScriptName"/>
         <value name="contextPath" get-method="getContextPath" set-method="setContextPath"/>
      </structure>
      <collection name="hiddenFields" field="_hiddenData" usage="optional"/>
      <collection name="errors" field="_errorContainer" usage="optional"/>
      <collection name="params" field="_appParams" usage="optional"/>
      <structure name="form" field="_formData" usage="optional">
         <value name="name" field="_name" usage="optional"/>
         <value name="action" field="_action"/>
         <value name="nextPage" field="_nextPage"/>
         <collection name="fields" 
               get-method="getFieldsForJibx" 
               set-method="setFieldsForJibx"
               usage="optional"/>
      </structure>
   </mapping>
   <mapping name="formField"
            class="com.thc.ids.presentation.helpers.FormField"
            package="com.thc.ids.presentation.helpers">
      <value name="name" field="name"/>
      <value name="value" field="value"/>
      <value name="error" field="error"/>
   </mapping>
   <mapping name="mapItem"
            class="com.thc.ids.presentation.xml_helpers.MapElementH"
            package="com.thc.ids.presentation.xml_helpers">
      <value name="name" field="_name"/>
      <value name="value" field="_value"/>
   </mapping>
   <mapping name="errorItem"
            class="com.thc.ids.presentation.validation.ValidationError"
            package="com.thc.ids.presentation.validation">
      <value name="errorId" get-method="getErrorId" set-method="setErrorId" usage="optional"/>
      <value name="errorText" get-method="getErrorText" set-method="setErrorText" usage="optional"/>
      <value name="widgetId" get-method="getWidgetIdentifier" set-method="setWidgetIdentifier" usage="optional"/>
      <value name="level" get-method="getErrorLevel" set-method="setErrorLevel"/>
   </mapping>
   
   <mapping name="loginData"
      class="com.thc.ids.presentation.modules.screens.login.PFLoginData"
      package="com.thc.ids.presentation.modules.screens.login">
      <structure name="pfMessageData" 
         get-method="getPFMessage" 
         set-method="setPFMessage"
         usage="optional">
         <collection name="messageData" usage="optional"
            get-method="getMessageData"
            set-method="setMessageData" />
      </structure>
      <collection name="marketingTitles" field="_marketingTitles" usage="optional">
         <value name="astring"/>
      </collection>
      <collection name="marketingTrailers" field="_marketingTrailers" usage="optional">
         <value name="astring"/>
      </collection>
      <collection field="_marketingHeadings" usage="optional"/>
      <value name="autoAuthenticate"
         get-method="getAutoAuthenticate"
         set-method="setAutoAuthenticate" usage="optional"/>
   </mapping>
   <mapping name="marketingHeadings"
      class="com.thc.ids.presentation.marketing.MarketingHeading"
      package="com.thc.ids.presentation.marketing">
      <value name="heading" field="_heading"/>
      <collection name="bullets" field="_bullets">
         <value name="astring"/>
      </collection>
   </mapping>
   <mapping name="errorData"
      class="com.thc.ids.presentation.xml_helpers.PFErrorData"
      package="com.thc.ids.presentation.xml_helpers">
      <structure name="pfMessageData" 
         get-method="getPFMessage" 
         set-method="setPFMessage"
         usage="optional">
         <collection name="messageData" usage="optional"
            get-method="getMessageData"
            set-method="setMessageData" />
      </structure>
   </mapping>
</binding>
