<?xml version="1.0" encoding="UTF-8"?>
<!DOCTYPE Map SYSTEM "conf/DTD/map.dtd">

<Map>
  <substitutions>
    ## Defines the JNDI port and machine hosting remote services
    thc.service.port=${thc.sfr.port}
    thc.service.host=localhost
  </substitutions>
  
  <ServiceMap mapName="Production">
    <Locators>
      <!-- Standard Service Protocol handler START -->
      <LocalLocator>
        <serviceName>ProtocolService</serviceName>
        <interface>com.thc.ids.inf.services.protocol.ServiceProtocolIF</interface>
        <version>1.0</version>
        <businessClassName>com.thc.ids.inf.services.protocol.ServiceProtocolBO</businessClassName>
      </LocalLocator>
      <!-- Standard Service Protocol handler END -->
      
      <!-- Logging START -->
      <LocalLocator>
        <serviceName>GeneralLoggerService</serviceName>
        <interface>com.thc.ids.inf.services.infrastructure.logging.THCGeneralLoggerIF</interface>
        <version>1.0</version>
        <businessClassName>com.thc.ids.inf.services.infrastructure.logging.THCGeneralLogger</businessClassName>
      </LocalLocator>
      
		<!-- UsageTrackingDataSvc Service START -->
		<LocalLocator>
			<serviceName>UsageTrackingDataSvcService</serviceName>          
			<interface>com.thc.ids.biz.usagetrackingdatasvc.UsageTrackingDataSvcIF</interface>
			<version>1.0</version>        
			<businessClassName>com.thc.ids.biz.usagetrackingdatasvc.pvt.UsageTrackingDataSvc</businessClassName>
		</LocalLocator>
		<!-- UsageTrackingDataSvc Service END --> 

      <LocalLocator>
        <serviceName>UsageLoggerService</serviceName>
        <interface>com.thc.ids.inf.services.infrastructure.logging.THCUsageLoggerIF</interface>
        <version>1.0</version>
        <businessClassName>com.thc.ids.inf.services.infrastructure.logging.THCUsageLogger</businessClassName>
      </LocalLocator>
      
      <LocalLocator>
        <serviceName>DBGeneralLogService</serviceName>
        <interface>com.thc.ids.inf.services.infrastructure.logging.dbservice.DBLogServiceIF</interface>
        <version>1.0</version>
        <businessClassName>com.thc.ids.inf.services.infrastructure.logging.dbservice.DBLogGeneralServiceBO</businessClassName>
      </LocalLocator>
      
      <LocalLocator>
        <serviceName>DBUsageLogService</serviceName>
        <interface>com.thc.ids.inf.services.infrastructure.logging.dbservice.DBLogServiceIF</interface>
        <version>1.0</version>
        <businessClassName>com.thc.ids.inf.services.infrastructure.logging.dbservice.DBLogUsageServiceBO</businessClassName>
      </LocalLocator>
      <!-- Logging END -->

      <!-- Access Control START -->
      <LocalLocator>
        <serviceName>AccessControlService</serviceName>
        <interface>com.thc.ids.inf.services.business.acs.AccessControlServiceIF</interface>
        <version>1.0</version>
        <businessClassName>com.thc.ids.inf.services.business.acs.AccessControlServiceImpl</businessClassName>
      </LocalLocator>
      
      <LocalLocator>
        <serviceName>AuthenticationService</serviceName>
        <interface>com.thc.ids.inf.services.business.acs.AuthenticationServiceIF</interface>
        <version>1.0</version>
        <businessClassName>com.thc.ids.inf.services.business.acs.AuthenticationServiceImpl</businessClassName>
      </LocalLocator>
      
      <LocalLocator>
        <serviceName>AuthorizationService</serviceName>
        <interface>com.thc.ids.inf.services.business.acs.AuthorizationServiceIF</interface>
        <version>1.0</version>
        <businessClassName>com.thc.ids.inf.services.business.acs.AuthorizationServiceImpl</businessClassName>
      </LocalLocator>
      
      <LocalLocator>
        <serviceName>SecurityTicketManager</serviceName>
        <interface>com.thc.ids.inf.services.business.acs.security.SecurityTicketManagerIF</interface>
        <version>1.0</version>
        <businessClassName>com.thc.ids.inf.services.business.acs.security.SecurityTicketManagerImpl</businessClassName>
      </LocalLocator>
      
      <LocalLocator>
        <serviceName>ResourceManagerService</serviceName>
        <interface>com.thc.ids.inf.services.business.acs.resource.ResourceManagerServiceIF</interface>
        <version>1.0</version>
        <businessClassName>com.thc.ids.inf.services.business.acs.resource.ResourceManagerService</businessClassName>
      </LocalLocator>
      <!-- Access Control END -->

      <!-- Ad Management Service -->
      <LocalLocator>
         <serviceName>AdManagementService</serviceName>
         <interface>com.thc.ids.inf.services.business.ams.AdManagementServiceIF</interface>
         <version>1.0</version>
         <businessClassName>com.thc.ids.inf.services.business.ams.AdManagementService</businessClassName>
      </LocalLocator>
      <!-- Ad Management Service END -->
      
      <!-- Container Service Start -->
      <LocalLocator>
        <serviceName>containerService</serviceName>
        <interface>com.thc.ids.inf.services.business.container.ContainerServiceIF</interface>
        <version>1.0</version>
        <businessClassName>com.thc.ids.inf.services.business.container.ContainerService</businessClassName>
      </LocalLocator>
      <!-- Container Service End -->

      <!-- CRS START -->
      <LocalLocator>
        <serviceName>contentRetrievalService</serviceName>
        <interface>com.thc.ids.inf.services.business.crs.ContentRetrievalServiceIF</interface>
        <version>1.0</version>
        <businessClassName>com.thc.ids.inf.services.business.crs.ContentRetrievalService</businessClassName>
      </LocalLocator>
      <!-- CRS END -->

      <!-- CSS START -->
      <LocalLocator>
        <serviceName>contentSearchService</serviceName>
        <interface>com.thc.ids.inf.services.business.css.ContentSearchServiceIF</interface>
        <version>1.0</version>
        <businessClassName>com.thc.ids.inf.services.business.css.ContentSearchService</businessClassName>
      </LocalLocator>
      <!-- CSS END -->
         
      <!-- Data Storage Service START -->
      <LocalLocator>
        <serviceName>DataStorageService</serviceName>
        <interface>com.thc.ids.inf.services.dss.svc.DataStorageSvcIF</interface>
        <version>1.0</version>
        <businessClassName>com.thc.ids.inf.services.dss.svc.DataStorageSvcBO</businessClassName>
      </LocalLocator>
      <!-- Data Storage Service END -->
      
      <!-- Display Group Service -->
      <LocalLocator>
        <serviceName>displayGroupService</serviceName>
        <interface>com.thc.ids.inf.services.business.displaygroup.DisplayGroupServiceIF</interface>
        <version>1.0</version>
        <businessClassName>com.thc.ids.inf.services.business.displaygroup.DisplayGroupService</businessClassName>
      </LocalLocator>
      <!-- Display Group Service End -->
      
      <!-- Dosing Tool Service -->
      <LocalLocator>
        <serviceName>dosingToolService</serviceName>
        <interface>com.thc.ids.inf.services.business.dosingtool.DosingToolServiceIF</interface>
        <version>1.0</version>
        <businessClassName>com.thc.ids.inf.services.business.dosingtool.DosingToolService</businessClassName>
      </LocalLocator>
      <!-- Dosing Tool Service End -->
      
      <!-- Formulary Service -->
      <LocalLocator>
        <serviceName>formularyService</serviceName>
        <interface>com.thc.ids.inf.services.business.formulary.FormularyServiceIF</interface>
        <version>1.0</version>
        <businessClassName>com.thc.ids.inf.services.business.formulary.FormularyService</businessClassName>
      </LocalLocator>
      
      <AsynchronousLocator>
        <serviceName>formularyExportService</serviceName>
        <proxyServiceName>realFormularyExportService</proxyServiceName>
        <interface>com.thc.ids.inf.services.business.formulary.FormularyExportServiceIF</interface>
        <version>1.0</version>
      </AsynchronousLocator>
     
      <LocalLocator>
        <serviceName>realFormularyExportService</serviceName>
        <interface>com.thc.ids.inf.services.business.formulary.FormularyExportServiceIF</interface>
        <version>1.0</version>
        <businessClassName>com.thc.ids.inf.services.business.formulary.FormularyExportService</businessClassName>
      </LocalLocator>
      <!-- Formulary Service End -->
      
      <!-- HCP Service -->
      <LocalLocator>
        <serviceName>HCPService</serviceName>
        <interface>com.thc.ids.inf.services.business.hcp.HCPServiceIF</interface>
        <version>1.0</version>
        <businessClassName>com.thc.ids.inf.services.business.hcp.HCPService</businessClassName>
      </LocalLocator>
      <!-- HCP Service END -->
      
      <!-- HCS Search Service -->
      <LocalLocator>
        <serviceName>hcssearchsvc</serviceName>
        <interface>com.thc.ids.inf.services.business.hcs.HCSSearchSvcIF</interface>
        <version>1.0</version>
        <businessClassName>com.thc.ids.inf.services.business.hcs.HCSSearchSvc</businessClassName>
      </LocalLocator>
      <!-- HCS Search Service -->
      
      <!-- Interaction Service -->
      <LocalLocator>
        <serviceName>interactionService</serviceName>
        <interface>com.thc.ids.inf.services.business.interaction.InteractionServiceIF</interface>
        <version>1.0</version>
        <businessClassName>com.thc.ids.inf.services.business.interaction.InteractionService</businessClassName>
      </LocalLocator>
      <!-- Interaction Service -->
      
      <!-- PECS Service -->
      <LocalLocator>
        <serviceName>PECService</serviceName>
        <interface>com.thc.ids.api.services.business.pecs.PECServiceIF</interface>
        <version>1.0</version>
        <businessClassName>com.thc.ids.inf.services.business.pecs.PECService</businessClassName>
      </LocalLocator>
      <!-- PECS Service End -->
      
      <!-- Notes Service -->
      <LocalLocator>
        <serviceName>noteService</serviceName>
        <interface>com.thc.ids.inf.services.business.notes.NoteServiceIF</interface>
        <version>1.0</version>
        <businessClassName>com.thc.ids.inf.services.business.notes.NoteService</businessClassName>
      </LocalLocator>
      <!-- Notes Service End -->
         
      <!-- PIS START -->
      <LocalLocator>
        <serviceName>ProductInformationService</serviceName>
        <interface>com.thc.ids.inf.services.business.pis.ProductInformationServiceIF</interface>
        <version>1.0</version>
        <businessClassName>com.thc.ids.inf.services.business.pis.ProductInformationService</businessClassName>
      </LocalLocator>
      <!-- PIS END -->

      <!-- SearchSvc START -->
      <LocalLocator>
        <serviceName>gbService</serviceName>
        <interface>com.thc.ids.inf.services.business.search.gb.GBServiceIF</interface>
        <version>1.0</version>
        <businessClassName>com.thc.ids.inf.services.business.search.gb.GBService</businessClassName>
      </LocalLocator>
      <!-- SearchSvc END -->

      <!-- Session Persistence START -->
      <LocalLocator>
        <serviceName>sessionPersistenceService</serviceName>
        <interface>com.thc.ids.inf.framework.sessionpersistence.services.SessionPersistenceServiceIF</interface>
        <version>1.0</version>
        <businessClassName>com.thc.ids.inf.framework.sessionpersistence.services.SessionPersistenceServiceImpl</businessClassName>
      </LocalLocator>
      <!-- Session Persistence END -->

      <!-- SyncServices START -->
      <!-- Mobile Content and Application Delivery Service -->
      <LocalLocator>
        <serviceName>MCADService</serviceName>
        <interface>com.thc.ids.inf.services.business.mcads.MobileContentAndAppDeliveryServiceIF</interface>
        <version>1.0</version>
        <businessClassName>com.thc.ids.inf.services.business.mcads.MobileContentAndAppDeliveryService</businessClassName>
      </LocalLocator>
      
      <!-- Mobile User Management Service -->
      <LocalLocator>
        <serviceName>MUMService</serviceName>
        <interface>com.thc.ids.inf.services.business.mums.MobileUserManagementServiceIF</interface>
        <version>1.0</version>
        <businessClassName>com.thc.ids.inf.services.business.mums.MobileUserManagementService</businessClassName>
      </LocalLocator>
      <!-- SyncServices END -->
         
      <!-- UMS START -->
      <LocalLocator>
        <serviceName>userManagementService</serviceName>
        <interface>com.thc.ids.inf.services.business.ums.UserManagementServiceIF</interface>
        <version>1.0</version>
        <businessClassName>com.thc.ids.inf.services.business.ums.UserManagementService</businessClassName>
      </LocalLocator>
      <!-- UMS END -->
      
      <!-- Validation Service START -->
      <LocalLocator>
        <serviceName>validationSvc</serviceName>
        <interface>com.thc.ids.inf.services.infrastructure.validationsvc.ValidationServiceIF</interface>
        <version>1.0</version>
        <businessClassName>com.thc.ids.inf.services.infrastructure.validationsvc.impl.ValidationServiceImpl</businessClassName>
      </LocalLocator>
      <!-- Validation Service END -->         
      </Locators>
  </ServiceMap>
</Map>
