<?xml version="1.0" encoding="UTF-8"?>
<!DOCTYPE management SYSTEM "conf/DTD/management.dtd">

<management>
  <substitutions>
    ## Shortcut to defining a String object
    String=java.lang.String
  </substitutions>

  <mbeans>
  
    <!--******************************************************************-->
    <!--** UnLoad project's dependencies shutdown-management.xml files. **-->
    <!--** Do this is the opposite order they are loaded in             **-->
    <!--** the shutdown-management.xml file.                            **-->
    <!--******************************************************************-->      
    <mbean>
      <object_name properties="Name=AppContext,Type=MBeanLoader"/>
      
      <!-- ***********************************************************-->
      <!-- **  AppUsageTrackingUtil shutdown                        **-->
      <!-- ***********************************************************-->      
      <operation name="loadXMLResource" signature="java.lang.String">
        <arg value="appusagetrackingutil-shutdown-management.xml"/>
      </operation>
      
      <!-- ***********************************************************-->
      <!-- **  UsageTrackingDataSVC shutdown                        **-->
      <!-- ***********************************************************-->      
      <operation name="loadXMLResource" signature="java.lang.String">
        <arg value="usagetrackingdatasvc-shutdown-management.xml"/>
      </operation>
      
      <!-- ***********************************************************-->
      <!-- **  Presentation Framework shutdown                      **-->
      <!-- ***********************************************************-->      
      <operation name="loadXMLResource" signature="java.lang.String">
        <arg value="presentation-shutdown-management.xml"/>
      </operation>
      
      <!-- ***********************************************************-->
      <!-- **  Access Control shutdown                              **-->
      <!-- ***********************************************************-->      
      <operation name="loadXMLResource" signature="java.lang.String">
        <arg value="accesscontrol-shutdown-management.xml"/>
      </operation>
      
      <!-- ***********************************************************-->
      <!-- **  Prod Info shutdown                                   **-->
      <!-- ***********************************************************-->      
      <operation name="loadXMLResource" signature="java.lang.String">
        <arg value="prodinfosvc-shutdown-management.xml"/>
      </operation>
      
      <!-- ***********************************************************-->
      <!-- **  Session persistence shutdown                         **-->
      <!-- ***********************************************************-->      
      <operation name="loadXMLResource" signature="java.lang.String">
        <arg value="sessionpersistence-shutdown-management.xml"/>
      </operation>

      <!-- ***********************************************************-->
      <!-- **  CustomerPreferencesSvc shutdown                      **-->
      <!-- ***********************************************************-->
      <operation name="loadXMLResource" signature="java.lang.String">
        <arg value="customerpreferencessvc-shutdown-management.xml"/>
      </operation>

    </mbean>
    
    <!-- ***********************************************************-->
    <!-- ** Shutdown Replication services                         **-->
    <!-- ***********************************************************-->
    <mbean>
      <object_name properties="Name=ReplicationAgent,Type=Management"/>
      <operation name="stop" />
    </mbean>
    <mbean>
      <object_name properties="Name=ReplicationServer,Type=Management"/>
      <operation name="stop" />
    </mbean>
  
  </mbeans>
</management>

