<?xml version="1.0" encoding="UTF-8"?>
<!DOCTYPE management SYSTEM "conf/DTD/management.dtd">

<management>
  <substitutions>
    ## Global properties are defined in the global-system-properties.xml
    ## for each environment.  The following properties are available:
    ##    thc.db.url
    ##    thc.db.driver
    ##    management.replication.enabled
    
    ## Shortcut to defining a String object
    String=java.lang.String
  </substitutions>

  <mbeans>
    
    <!--******************************************************************-->
    <!--** Initialize Connection pools                                  **-->
    <!--******************************************************************--> 
    <mbean class="com.thc.ids.inf.framework.opf.rdbms.datastore.pooling.DynamicConnectionPool">
      <object_name properties="Name=THIDS,Type=OPFConnectionPool"/>
      
      <!-- Connection Parameters -->
      <attribute name="DbUserName"     value="${thc.db.username}"/>
      <attribute name="DbPassword"     value="${thc.db.password}"/>
      <attribute name="JdbcDriverName" value="${thc.db.driver}"/>
      <attribute name="JdbcUrl"        value="${thc.db.url}"/>
      
      <!-- Pool Sizing -->
      <attribute name="InitialCapacity" value="1"/>
      <attribute name="MaxCapacity"     value="100"/>
      
      <!-- Connection Testing -->
      <attribute name="RefreshPeriodMinutes"     value="5"/> 
      <attribute name="TestConnectionsOnReserve" value="true"/>
      <attribute name="TestConnectionsOnRelease" value="false"/>
      <attribute name="TestTableName"            value="dual"/>
      
      <!-- Pool Resizing -->
      <attribute name="AllowsShrinking"     value="true"/>
      <attribute name="ShrinkPeriodMinutes" value="15"/>
      <attribute name="CapacityIncrement"   value="1"/>
      
      <!-- Connection monitoring -->
      <attribute name="MonitorOldConnections"    value="true"/>
      <attribute name="ConnectionAgeScanMinutes" value="6"/>
      <attribute name="ConnectionAgeThreshold"   value="360000"/>
      
      <!-- startup the pool -->
      <operation name="startup"></operation>
      
    </mbean>

    <!--******************************************************************-->
    <!--** Load project's dependencies startup-management.xml files     **-->
    <!--******************************************************************-->      
    <mbean>
      <object_name properties="Name=AppContext,Type=MBeanLoader"/>
       
      <!-- ***********************************************************-->
      <!-- **  Session persistence startup                          **-->
      <!-- ***********************************************************-->      
      <operation name="loadXMLResource" signature="java.lang.String">
        <arg value="sessionpersistence-startup-management.xml"/>
      </operation>

      <!-- ***********************************************************-->
      <!-- **  Prod Info startup                                    **-->
      <!-- ***********************************************************-->      
      <operation name="loadXMLResource" signature="java.lang.String">
        <arg value="prodinfosvc-startup-management.xml"/>
      </operation>

      <!-- ***********************************************************-->
      <!-- **  Access Control startup                               **-->
      <!-- ***********************************************************-->      
      <operation name="loadXMLResource" signature="java.lang.String">
        <arg value="accesscontrol-startup-management.xml"/>
      </operation>

      <!-- ***********************************************************-->
      <!-- **  Presentation Framework startup                       **-->
      <!-- ***********************************************************-->      
      <operation name="loadXMLResource" signature="java.lang.String">
        <arg value="presentation-startup-management.xml"/>
      </operation>
      
	  <!-- ***********************************************************-->
      <!-- **  CustomerPreferencesSvc startup                       **-->
      <!-- ***********************************************************-->
      <operation name="loadXMLResource" signature="java.lang.String">
        <arg value="customerpreferencessvc-startup-management.xml"/>
      </operation>
      
      <!-- ***********************************************************-->
      <!-- **  UsageTrackingDataSVC  startup                       **-->
      <!-- ***********************************************************-->      
      <operation name="loadXMLResource" signature="java.lang.String">
        <arg value="usagetrackingdatasvc-startup-management.xml"/>
      </operation>

      <!-- ***********************************************************-->
      <!-- **  AppUsageTrackingUtil  startup                       **-->
      <!-- ***********************************************************-->      
      <operation name="loadXMLResource" signature="java.lang.String">
        <arg value="appusagetrackingutil-startup-management.xml"/>
      </operation>
      
    </mbean>
      
    <!--******************************************************************-->      
    <!--** Application specific startup                                   -->
    <!--******************************************************************-->
      
    <!--******************************************************************-->
    <!--** Load Preferences bean                                          -->
    <!--******************************************************************--> 
    <mbean class="com.thc.ids.presentation.services.preference.MPPFPreferenceService">
       <object_name properties="Name=PDRelPreferences,Type=MPPFPreferenceService"/>
    </mbean>
   

    <!--********************************************************************-->
    <!--** Populate the module versions                                   **-->
    <!--********************************************************************-->
    <mbean>
      <object_name properties="Name=AppContext,Type=ModuleInfo"/>
      <operation name="addSummaryModule" signature="java.lang.String">
        <arg value="ckoqat.war"/>
      </operation>
    </mbean>

    <!--********************************************************************-->
    <!--** Setup the MBean Replication Agent                              **-->
    <!--** NOTE: DOING THIS LAST WILL OPTIMIZE STARTUP TIME               **-->
    <!--********************************************************************-->
    <mbean class="com.thc.ids.inf.framework.management.mbeans.replication.eventbus.EventBusReplicationServer">
      <object_name properties="Name=ReplicationServer,Type=Management"/>
      <attribute name="Running" value="${management.replication.enabled}"/>
    </mbean>

    <mbean class="com.thc.ids.inf.framework.management.mbeans.replication.eventbus.EventBusReplicationAgent">
      <object_name properties="Name=ReplicationAgent,Type=Management"/>
      <attribute name="LocalPort" value="${thc.management.rmiconnector.port}"/>
      <attribute name="Running" value="${management.replication.enabled}"/>
    </mbean>

  </mbeans>
</management>
